,Profile Visits,Profile Visits,Kisses,Kisses,Pictures,Pictures
,mean,median,mean,median,mean,median
clusters,,,,,,
0,-0.13993068448764898,-0.39627280618661065,-0.12731518357834182,-0.3225395449192711,-0.29892140377055265,-0.4511952177281255
1,0.5350463453121885,-0.08327182952418972,0.5859440372194819,-0.13673649627490533,0.21801003530642007,-0.0050583823717617465
2,0.9009977385333743,0.545837534218781,0.7835475823582947,0.005797349260498561,0.681088775802899,-0.0050583823717617465
3,0.8563392522463945,0.29978712747422454,0.7824960362770994,0.09997149720353328,2.103456294263571,1.779488959053693
